{"cameraMode":{"drawMode":0,"name":"Shaded","section":"Shading Mode"},"sceneLighting":false,"audioPlay":false,"sceneViewState":{"showFog":true,"showMaterialUpdate":true,"showSkybox":false,"showFlares":true,"showImageEffects":true,"showParticleSystems":true},"in2DMode":false,"pivot":{"x":1.8609004020690919,"y":0.7751405239105225,"z":2.3563857078552248},"rotation":{"x":0.26356595754623415,"y":0.6548269391059876,"z":-0.26230695843696597,"w":0.6579774618148804},"size":5.269745826721191,"orthographic":false}