{"cameraMode":{"drawMode":0,"name":"Shaded","section":"Shading Mode"},"sceneLighting":false,"audioPlay":false,"sceneViewState":{"showFog":false,"showMaterialUpdate":false,"showSkybox":false,"showFlares":false,"showImageEffects":false,"showParticleSystems":false},"in2DMode":false,"pivot":{"x":7.868062973022461,"y":6.812038898468018,"z":-4.354856967926025},"rotation":{"x":-0.2230015993118286,"y":-0.11491653323173523,"z":0.026483701542019845,"w":-0.9676599502563477},"size":5.918510437011719,"orthographic":true}