{"cameraMode":{"drawMode":0,"name":"Shaded","section":"Shading Mode"},"sceneLighting":false,"audioPlay":false,"sceneViewState":{"showFog":true,"showMaterialUpdate":true,"showSkybox":false,"showFlares":true,"showImageEffects":true,"showParticleSystems":true},"in2DMode":false,"pivot":{"x":-0.15317809581756593,"y":-1.4656833410263062,"z":1.4094716310501099},"rotation":{"x":0.38400906324386599,"y":-0.5147356390953064,"z":0.27647316455841067,"w":0.7149454355239868},"size":2.9456019401550295,"orthographic":false}