{"cameraMode":{"drawMode":0,"name":"Shaded","section":"Shading Mode"},"sceneLighting":true,"audioPlay":false,"sceneViewState":{"showFog":false,"showMaterialUpdate":false,"showSkybox":false,"showFlares":false,"showImageEffects":false,"showParticleSystems":false},"in2DMode":false,"pivot":{"x":-12.996232986450196,"y":1.1971170902252198,"z":5.054346084594727},"rotation":{"x":0.1684918999671936,"y":-0.6493237614631653,"z":0.15066483616828919,"w":0.7261497378349304},"size":33.17525100708008,"orthographic":false}